name,address,phone,website,rating,reviews,latitude,longitude,place_id
Exceptional Speech Therapy,"10200 NW 25th St STE A-108, Doral, FL 33172",(786) 717-5649,http://www.exceptionalspeechtherapy.com/,4.8,197,25.796476,-80.361623,ChIJMzXTaH652YgRaIiMtjwXiN8
Central Florida Therapy Solutions,"2705 Rebecca Ln STE B, Orange City, FL 32763",(386) 532-8255,http://www.centralfloridatherapysolutions.com/,4.9,164,28.906839299999998,-81.2922803,ChIJffKQLVoQ54gREq9IlYFB5ko
Speech Therapy Bio Networks Inc.,"1441 SW 1st St, Miami, FL 33135",(305) 541-3400,http://www.therapymiami.org/,4.8,225,25.772600999999998,-80.218908,ChIJDeh7uu-22YgRd6EhYkfMqgo
Word Therapy Center | Florida | Pediatric Speech Therapy & Pediatric Occupational Therapy,"7313 Professional Pkwy E, Lakewood Ranch, FL 34240",(941) 400-3493,https://wordtherapycenters.com/,5,47,27.377646199999997,-82.4239777,ChIJnxtcZIw5w4gR9mDfJc8eRfc
Bayside Therapy Specialists - Speech Therapy and Occupational Therapy - Clearwater,"1700 McMullen Booth Rd Suite D-4, Clearwater, FL 33759",(813) 435-3355,https://www.baysidetherapyspecialists.com/,4.8,54,27.9831464,-82.71009649999999,ChIJ-WkLn6jvwogREuZHW4FszOk
Florida Board of Speech-Language Pathology & Audiology,"4052 Bald Cypress Way, Tallahassee, FL 32399",(850) 245-4161,http://floridasspeechaudiology.gov/,1.2,31,30.389647399999998,-84.2299463,ChIJDXFtLn1g7IgRe83fgY9GYAw
More Than Speech FL,"861 W Morse Blvd Suite 1, Winter Park, FL 32789",(407) 637-2277,https://www.morethanspeechfl.com/,4.9,95,28.597956699999997,-81.36080059999999,ChIJd_qCV15x54gRuhpHCc_70ko
Clermont Speech and Language Therapy Center,"700 East Grand Hwy, Clermont, FL 34711",(352) 432-3960,https://www.clermontspeechlanguage.com/,4.6,20,28.5651451,-81.74534349999999,ChIJCdMYGe6O54gRcJ-rrnXJV44
"PS SPEECH THERAPY, LLC","13346 SW 39th St, Davie, FL 33330",(954) 558-8034,https://psspeech.com/,5,24,26.0717525,-80.3273404,ChIJr2r5UxSn2YgRrG0EERVZ2xo
Bayside Therapy Specialists - Speech Therapy and Occupational Therapy - New Port Richey,"5647 Gulf Dr, New Port Richey, FL 34652",(813) 435-3355,https://www.baysidetherapyspecialists.com/,4.9,80,28.2391734,-82.7207024,ChIJcdzRxyuUwogRB_5Em_2b76M
All About Speech & Language Therapy Tampa & Occupational Therapy South Tampa,"324 N Dale Mabry Hwy, Tampa, FL 33609",(813) 616-4004,https://aaspeech.com/,5,15,27.9483011,-82.5061101,ChIJcdHWcmLDwogRfFI8MEkWiH4
"Central Florida Therapy Solutions, Inc","455 W Warren Ave STE 200, Longwood, FL 32750",(407) 260-0551,http://www.centralfloridatherapysolutions.com/,4.8,130,28.7007032,-81.353129,ChIJ1Q6wrz9y54gRoc5M257FbP0
"Simple Speech Therapy, LLC","8390 Champions Gate Blvd #205, Championsgate, FL 33896",(407) 900-4474,http://www.simplespeechtherapyfl.com/,5,47,28.2598119,-81.622326,ChIJAetedfJ73YgRSMlFpLiLC5k
Paradise Speech Therapy,"1214 S Andrews Ave STE 301, Fort Lauderdale, FL 33316",(954) 228-4734,https://paradisespeechtherapy.com/,5,19,26.106938399999997,-80.1427734,ChIJzz7o6pYedEIR2mqfoJiDfsw
Rapid Speech Therapy LLC,"122 E Main St #167, Lakeland, FL 33801",(407) 502-3662,https://www.rapidspeechtherapyllc.com/,5,18,28.044272499999998,-81.95642529999999,ChIJi5fBypl7JYERUWY0S27WErk
"Pamela Rowe MA, CCC-SLP, LLC","2957 FL-434 #100, Longwood, FL 32779",(407) 271-4911,http://www.speechorlando.com/,4.4,41,28.685452899999998,-81.4183457,ChIJ06IhIDly54gRwkiB0891Qto
Lake Speech & Language Services,"835 7th St #6, Clermont, FL 34711",(352) 432-3998,,4.8,82,28.5536592,-81.7663159,ChIJ2QQTY8mi54gRXV7NZ2rZdug
"Speech Pathology of Coral Gables, Inc.","603 SW 57th Ave, Miami, FL 33144",(305) 774-1788,https://www.spcginc.com/?utm_source=google&utm_medium=wix_google_business_profile&utm_campaign=17471866507398493460,4.8,18,25.7648585,-80.287778,ChIJmbZoMJG32YgR9JfpXI3EDGw
Little Tesla Pediatric Therapy,"7075 Kingspointe Pkwy STE 14, Orlando, FL 32819",(321) 732-3723,https://littleteslapediatrics.com/,4.9,112,28.4610246,-81.4373408,ChIJ5dAtxyF_54gRsXQYa8hSM9k
"SLP Miami Therapy, Inc.","2500 NW 79th Ave STE 249, Doral, FL 33122",(786) 703-8914,https://slpmiamitherapy.com/contact-us/,4.8,56,25.797729399999998,-80.32603449999999,ChIJAQBA3Ha52YgRSkDqddapH5w
Fresh Start Speech Therapy,"9957 Moorings Dr STE 301, Jacksonville, FL 32257",(904) 652-6165,https://jaxfreshstart.com/,4.8,30,30.1954677,-81.6180004,ChIJh1xYJ3W35YgRMQbOhHqfAEo
More Than A Voice Speech Therapy,"10752 Deerwood Park Blvd, Jacksonville, FL 32256",(407) 214-8220,http://mtavspeechtherapy.com/,4.8,46,30.2470592,-81.530929,ChIJ-3mTrDzJcQcRe3DrlIWxx3s
Small Talk Speech Therapy (Jacksonville),"8777 San Jose Blvd #701, Jacksonville, FL 32217",(904) 733-8255,http://smalltalkjax.com/,4.5,47,30.2202761,-81.6146231,ChIJNSWT21nK5YgRRa5JKqCFSkw
Pediatric Therapy of Riverside,"2574 Park St, Jacksonville, FL 32204",(904) 300-0796,http://www.pediatrictherapyofriverside.com/,4.8,16,30.3115198,-81.69089509999999,ChIJg_6xd2K35YgRfOp8RkquRm0
Broad Horizons Speech Therapy,"9191 R G Skinner Pkwy #103, Jacksonville, FL 32256",(904) 428-8302,http://www.broadhorizonsspeech.com/,5,22,30.2122994,-81.5126397,ChIJy8dXoua35YgR9lwkVK_krBc
"BrainWorks Therapy, LLC: Speech, Language & Literacy","2903 Bernice Ct, Jacksonville, FL 32257",(904) 515-2982,http://www.brainworksslp.com/,5,12,30.195487399999998,-81.6304155,ChIJ_77ebmbJ5YgRclHUl6Y3aus
Atlantic Speech Therapy,"4540 Southside Blvd #504, Jacksonville, FL 32216",,,5,12,30.262006,-81.558138,ChIJ2y2XU0o15IgRGKznuExt-FQ
FAME Speech and Myo,"7807 Baymeadows Rd E #305, Jacksonville, FL 32256",(904) 201-9048,http://www.famespeechandmyo.com/,5,21,30.2317486,-81.509124,ChIJmTdz1XvQGyERW-1RPiCDBA8
Clear Communication Therapy,"3955 Riverside Ave #216, Jacksonville, FL 32205",(831) 200-4414,https://www.clearcommtherapy.com/,5,10,30.2913519,-81.7118966,ChIJR1OWohVL5IgRVpO8RI05Pns
Coastal Pediatric Therapy Center - Mandarin,"6100 Greenland Rd #901, Jacksonville, FL 32258",(904) 372-4070,http://coastaltherapy.net/,5,31,30.1607921,-81.54691799999999,ChIJA6kWFLfN5YgRHEROmECCpFU
Speech Pathways of St. Johns,"12627 San Jose Blvd STE 803, Jacksonville, FL 32223",(904) 834-1336,http://speechpathwayssj.com/,5,33,30.1381029,-81.6305977,ChIJYTICtaXN5YgRDIaRKNMF_pY
Merritt Speech & Learning,"1309-110 St Johns Bluff Rd N, Jacksonville, FL 32225",(904) 721-4122,http://merrittspeech.com/,4.7,12,30.3430017,-81.52266279999999,ChIJCbB3lam05YgR8OXYAX1Wylo
Coastal Pediatric Therapy Center,"2730 Isabella Blvd #10, Jacksonville Beach, FL 32250",(904) 372-4070,http://coastaltherapy.net/,4.8,101,30.266372099999998,-81.3907859,ChIJbyXB6clJ5IgRo121lQS5vEc
Sunshine Speech,"4600 Beach Blvd, Jacksonville, FL 32207",,http://sunshinespeechfl.com/,5,8,30.2977052,-81.6194845,ChIJT5DGhEuiJgkRaFyltaJeHtM
Bridge Therapy,"8833 Perimeter Park Blvd STE 404, Jacksonville, FL 32216",(904) 552-1588,https://mybridgetherapy.com/,5,8,30.2512792,-81.55526239999999,ChIJKcXKqgDL5YgRRdqdIjC9JgA
Jacksonville Speech & Hearing Center,"1010 N Davis St, Jacksonville, FL 32209",(904) 355-3403,http://www.shcjax.org/,4.5,148,30.336858699999997,-81.6675635,ChIJA79YkSS35YgRz3jUm1P9VXE
All Together Wellness,"1157 Beach Blvd, Jacksonville Beach, FL 32250",(904) 450-5061,http://www.alltogetherwellness.net/,5,46,30.288338699999997,-81.4023079,ChIJURAyriGAgmsRQvxmPyGfUus
"North Florida Therapy Associates, LLC","12025 San Jose Blvd #101, Jacksonville, FL 32223",(904) 880-1444,http://northfloridatherapy.com/,5,8,30.1524827,-81.631326,ChIJD1-dK_XO5YgRek6La0Yu9p4
"Speech World, LLC","6614 Atlantic Blvd, Jacksonville, FL 32211",(904) 685-4267,https://www.speechworldfl.com/,5,4,30.312369399999998,-81.59060079999999,ChIJnUBnQjm15YgRYdsMpg1KkOY
Tribe Rehabilitation,"2103 Gilmore St, Jacksonville, FL 32204",(904) 906-3878,http://inthetribe.net/,4.7,14,30.319764799999998,-81.6853282,ChIJG3_qj2e35YgRMGn7jurRBMg
My Therapy Center,"2828 Coral Wy Suite 110-A, Miami, FL 33145",(305) 856-1999,http://www.mytherapycentermiami.com/,4.1,66,25.749765,-80.24010919999999,ChIJ2SmwqlO22YgRofXYqj2G93o
Speech Therapy Of Miami,,(305) 873-9589,https://www.speechtherapymiami.org/,5,33,25.732886999999998,-80.2762314,ChIJe4hhV_Hn2YgRNlY2VgtujzY
Miami Speech Institute LLC,"717 Ponce de Leon STE 221, Coral Gables, FL 33134",(786) 460-1595,http://www.miamispeechinstitute.com/,4.6,22,25.765341,-80.2578297,ChIJJ-2jRHS32YgRiuOzqdQwz0w
Innovative Pediatric Learning Center of Miami (IPLC),"2780 SW 37th Ave #203, Miami, FL 33133",(786) 622-2353,http://www.iplcmiami.com/,5,38,25.739428,-80.254434,ChIJFdd_37-32YgRBTUTvxTmy2c
Star Therapy Services Inc.,"10000 SW 56th St #10, Miami, FL 33165",(786) 542-5774,http://www.startherapyservices.net/,4.9,65,25.7150862,-80.3574258,ChIJ2elH9rHH2YgRN23R4rffltA
BEST Pediatric Therapy Center Miami,"706 S Dixie Hwy #100, Coral Gables, FL 33146",(305) 564-6556,http://www.bestpediatrictherapycenter.com/,5,11,25.722265099999998,-80.2669087,ChIJaTwK31Q5rGYRgUUVPV-o7Tg
CommuniKids Miami Speech Therapy,"117 Majorca Ave Ste. 2A, Coral Gables, FL 33134",(305) 343-8177,https://communikidsmiami.com/,5,8,25.7554268,-80.25727959999999,ChIJibmuw-my2YgRm2fdWWeO9zo
Always Keep Progressing - Miami Shores,"11601 Biscayne Blvd Suite 312, Miami, FL 33181",(786) 206-4151,https://www.alwayskeepprogressing.com/,4.4,88,25.882596,-80.1656678,ChIJ2xfBsfaz2YgRUq65zCnpv_M
Children's Premier Therapy,"7990 SW 117th Ave #115, Miami, FL 33183",(786) 646-2555,http://www.childrenspremiertherapy.com/,5,28,25.6942099,-80.3824537,ChIJ1biNNYDH2YgRGZX5kMY9fwI
Speech Pathology & Educational Center,"8590 SW 40th St, Miami, FL 33155",(305) 266-5353,http://www.specmiami.com/,4.4,29,25.7319067,-80.3345404,ChIJnaceR-O42YgRWKXkRn2-CB0
ABC Speech Therapy Center Inc,"3452 SW 8th St, Miami, FL 33135",(786) 703-5112,http://www.abctherapyinc.com/,5,13,25.7646677,-80.2513407,ChIJY8WCsZ232YgR724sim8bOaQ
Speech Therapy/Westchester/Miami/Therapy center in town,"9746 SW 24th St, Miami, FL 33165",(786) 717-7770,,5,1,25.7469851,-80.3521279,ChIJRx9mq8e42YgREjYJJCyOS-Q
Miami Speech Therapy,,(305) 998-6084,http://www.miamispeechtx.com/,5,11,25.782414,-80.2253934,ChIJyzd-e-LCyqIRUde4BagX-FQ
First Kid's PPEC,"8681 Coral Wy, Miami, FL 33155",(786) 238-7270,https://fkppec.com/,5,41,25.749243399999997,-80.3352,ChIJSdCP4xe52YgRHCGECOUO9Xk
Bilingual Sweet Speech and Therapy,"2100 Coral Wy Ste 604, Miami, FL 33145",(757) 971-0808,https://bilingualsweetspeech.my.canva.site/speech-therapy,5,8,25.7503946,-80.2284612,ChIJYyWyu4q32YgRT0oWwiYuRbU
B & V Thera-Pro Associates Corporation - South Kendall,"14291 SW 120th St #103, Miami, FL 33186",(305) 385-0168,https://kidstherapro.com/,4.9,107,25.6571747,-80.42623789999999,ChIJZanS8L3B2YgRwbdx2AbjBHU
"Neurorehab & Speech Healers - Speech Therapy & Pathology, Pediatric & Adult Language Disorder Therapist","625 E Twiggs St Suite 102, Tampa, FL 33602",(732) 743-8383,/url?q=https://www.floridaspeechtherapy.net/&opi=79508299&sa=U&ved=0ahUKEwiF6aj6wZ-RAxVIumMGHUzDJXAQ61gINygN&usg=AOvVaw1yBs7Dm86fIIbSUDRHMaC-,4.9,23,27.950075899999998,-82.4553466,ChIJ9bY8YNvFwogR0C_wdVUsZ48
Family First Therapy Inc,"207 Crystal Grove Blvd, Lutz, FL 33548",(813) 848-0341,/url?q=http://www.familyfirsttherapyinc.com/&opi=79508299&sa=U&ved=0ahUKEwiF6aj6wZ-RAxVIumMGHUzDJXAQ61gIUygN&usg=AOvVaw2ptkHg1GYurFoaPdQG5msQ,5,119,28.142934699999998,-82.46473979999999,ChIJK7xQgCe5wogR4JzM_A8b7YY
Speak Outside The Box,"312 S Brevard Ave, Tampa, FL 33606",(813) 422-4414,/url?q=http://www.speakoutsidethebox.com/&opi=79508299&sa=U&ved=0ahUKEwiF6aj6wZ-RAxVIumMGHUzDJXAQ61gIbygN&usg=AOvVaw1wVgga1bGlDZhVEA-qI6Gg,5,26,27.9409858,-82.4664852,ChIJXwpv8W7DwogRMaZN3yeGjuE
The Little Years Therapy Co.,"4318 W El Prado Blvd, Tampa, FL 33629",(813) 444-3622,/url?q=https://thelittleyearstherapyco.com/&opi=79508299&sa=U&ved=0ahUKEwiF6aj6wZ-RAxVIumMGHUzDJXAQ61gIiwEoDQ&usg=AOvVaw1wcgbh2XXyzSJmd1LZKKvk,5,17,27.911351,-82.5172956,ChIJjy1lsly39SARnGr7rpHWYUY
Lama Pediatric Therapy,"1315 W Fletcher Ave, Tampa, FL 33612",(813) 269-4879,/url?q=http://www.lamatherapies.com/&opi=79508299&sa=U&ved=0ahUKEwiF6aj6wZ-RAxVIumMGHUzDJXAQ61gIrQEoDQ&usg=AOvVaw11SsNGB-bU1ejQgxouaG-7,4.7,65,28.069924999999998,-82.4732873,ChIJ6y6BgpHHwogRn0rSzxokYNA
Believe It and Achieve It LLC,"10006 N Dale Mabry Hwy Suite 202, Tampa, FL 33618",(813) 374-0442,/url?q=http://www.believeittherapy.com/&opi=79508299&sa=U&ved=0ahUKEwiF6aj6wZ-RAxVIumMGHUzDJXAQ61gIyQEoDQ&usg=AOvVaw1803uXbiQ2gp_yvh2sKfez,4.6,30,28.040789699999998,-82.50648989999999,ChIJT5gd0W7BwogRdPe4krF9Q0g
"Tampa Bay Speech, Language & Reading Clinic","5607 Skytop Dr, Lithia, FL 33547",(813) 368-2485,/url?q=http://tampabayspeech.com/&opi=79508299&sa=U&ved=0ahUKEwiF6aj6wZ-RAxVIumMGHUzDJXAQ61gI5QEoDQ&usg=AOvVaw0rBnGripHCl-W8tX3cUbHu,4.9,33,27.8538064,-82.2584571,ChIJTSDoLyvTwogRpt-YuP49euo
Speech Care at Home,"2810 N 10th St STE B, Tampa, FL 33605",(813) 344-3207,/url?q=http://speechcareathome.com/&opi=79508299&sa=U&ved=0ahUKEwiF6aj6wZ-RAxVIumMGHUzDJXAQ61gIgQIoDQ&usg=AOvVaw2T2TeUHX9FPr3PKjRmUx4H,5,26,27.968314099999997,-82.4493559,ChIJTZFcGPfFwogRzaV1ukRnXAg
Get Set Therapy Speech Pathology Services for Adolescents & Adults,"730 S Sterling Ave Ste 105, Tampa, FL 33609",,/url?q=https://getset.tools/&opi=79508299&sa=U&ved=0ahUKEwiF6aj6wZ-RAxVIumMGHUzDJXAQ61gInAIoCQ&usg=AOvVaw2rA19ayXnXezM7nvaT9MZr,5,2,27.9369299,-82.5033758,ChIJf6RFcRHDwogRyEWkdVNxfA4
"Saltwater Speech Therapy, LLC.","110 S MacDill Ave, Tampa, FL 33609",(904) 434-6313,/url?q=https://www.saltwaterspeechtherapy.com/contact&opi=79508299&sa=U&ved=0ahUKEwiF6aj6wZ-RAxVIumMGHUzDJXAQ61gIuQIoDQ&usg=AOvVaw1TyI9mvuWnbqX-86dImYYY,5,4,27.9438671,-82.49297729999999,ChIJKyppa3LDwogR61ckscnhByI
Connected Speech Pathology,,(813) 444-5978,/url?q=https://connectedspeechpathology.com/&opi=79508299&sa=U&ved=0ahUKEwiF6aj6wZ-RAxVIumMGHUzDJXAQ61gIzQIoBQ&usg=AOvVaw23tJ8V-5hYl9kl7gJ1Tsgj,5,200,46.423669,-129.9427086,ChIJXWtJUz_dwogRFa2-eNDO7Lg
HealthPRO Pediatrics North Tampa,"1344 W Fletcher Ave Suite 104, Tampa, FL 33612",(813) 961-1666,/url?q=https://healthpropediatrics.com/north-tampa-fl/&opi=79508299&sa=U&ved=0ahUKEwiF6aj6wZ-RAxVIumMGHUzDJXAQ61gI7wIoDQ&usg=AOvVaw3QXZh3kUrnhKiAiSLSxGBd,4.3,110,28.0690423,-82.474051,ChIJuUd3x4THwogRmPktXEnS2rc
TheraVolve Wellness Co.,"14310 N Dale Mabry Hwy #290, Tampa, FL 33618",(813) 778-5682,/url?q=http://www.theravolvewellness.com/&opi=79508299&sa=U&ved=0ahUKEwiF6aj6wZ-RAxVIumMGHUzDJXAQ61gIiwMoDQ&usg=AOvVaw1DBVxON4Yb-t76n1KIS0bx,5,22,28.0758431,-82.50837849999999,ChIJ7ecAf3TBwogRGO8dSVeTvUg
Decker Therapy Services,"4810 W Gandy Blvd, Tampa, FL 33611",(813) 380-8230,/url?q=http://www.deckertherapyservices.org/&opi=79508299&sa=U&ved=0ahUKEwiF6aj6wZ-RAxVIumMGHUzDJXAQ61gIqwMoDQ&usg=AOvVaw3HKg6MJVcswN3UpBFwiiz4,5,4,27.893049599999998,-82.527369,ChIJQTUcPyTdwogRcPbn51e0bmw
Sunshine SPOT,"3602 W San Juan St, Tampa, FL 33629",(813) 833-0090,/url?q=http://sunshine-spot.com/&opi=79508299&sa=U&ved=0ahUKEwiF6aj6wZ-RAxVIumMGHUzDJXAQ61gIyQMoDQ&usg=AOvVaw3wflA4H-jt3k2VmprToDkT,5,20,27.918120599999998,-82.5020292,ChIJn04VXlPqwogRYLYCm9lxhP8
Independent Living Inc,"6508 Gunn Hwy, Tampa, FL 33625",(813) 963-6923,/url?q=http://www.independentlivinginc.com/&opi=79508299&sa=U&ved=0ahUKEwiF6aj6wZ-RAxVIumMGHUzDJXAQ61gI5QMoDQ&usg=AOvVaw2eCQouYIgfOdQRmEHKSmAG,4.5,88,28.064947,-82.55862499999999,ChIJbccxUCbAwogRKlXNwvepZig
Therapy Station,"13200 McCormick Dr Ste E-1, Tampa, FL 33626",(813) 814-5971,/url?q=https://therapystation.com/&opi=79508299&sa=U&ved=0ahUKEwiF6aj6wZ-RAxVIumMGHUzDJXAQ61gIhAQoDQ&usg=AOvVaw1VO7tYzs2T4rtBt3AW-v-Q,5,10,28.0600722,-82.6464762,ChIJh3S3Un_rwogRiOSeYJZitPE
USF Speech-Language Clinic,"3711 USF Citrus Dr Drive, Tampa, FL 33620",(813) 974-9844,/url?q=http://www.usf.edu/cbcs/csd/services/speech-language-clinic.aspx&opi=79508299&sa=U&ved=0ahUKEwiF6aj6wZ-RAxVIumMGHUzDJXAQ61gIoAQoDQ&usg=AOvVaw3rfHr9zJ9CM39SvJKkilVo,4.4,12,28.0636188,-82.4191877,ChIJkwYd47zHwogR_WLhDYlrFfQ
HealthPRO Pediatrics South Tampa,"2111 W Swann Ave #100, Tampa, FL 33606",(813) 251-1618,/url?q=https://healthpropediatrics.com/south-tampa-fl/&opi=79508299&sa=U&ved=0ahUKEwiF6aj6wZ-RAxVIumMGHUzDJXAQ61gIvAQoDQ&usg=AOvVaw0yGRI7WlSLN-5Eg1F_Wu5J,4.2,39,27.9375783,-82.4816762,ChIJGxVca2TDwogRJLchrAT7ZiE
TLC Pediatric Therapies,"6000 Rio Grande Ave Ste 202/204/206, Orlando, FL 32809",(407) 280-3776,https://tlcpediatrictherapy.com/,4.7,51,28.4710106,-81.401298,ChIJHXHelJN854gRMOhXWj7BmT0
Talk Active Speech & Occupational - Florida Mall,"730 W Sand Lake Rd #266, Orlando, FL 32809",(321) 445-1287,http://www.talkactiveclinic.com/,4.4,58,28.4474682,-81.3886606,ChIJ3-xIh0R854gR2cQU_PhigCc
Elevate Therapy Center,"6100 Lake Ellenor Dr #261, Orlando, FL 32809",(407) 968-7807,http://www.elevatetherapycenter.com/,4.9,88,28.468797799999997,-81.4023046,ChIJ44CEiWWaL0sR93x6eqsOF4o
Monarch Pediatric Speech Therapy,"6900 Tavistock Lakes Blvd Suite 400, Orlando, FL 32827",(407) 808-0324,http://www.monarchspeechtherapy.com/,4.8,14,28.372552499999998,-81.2788899,ChIJx9b_sDON3YgRM4bGPfxLgvY
Herman & Associates,"4401 E Colonial Dr Ste 107, Orlando, FL 32803",(407) 898-5060,http://www.hermanandassociates.com/,4.5,44,28.5543132,-81.33099659999999,ChIJtyoHMDdl54gRv_P82wVxXcI
Therapy Essentials Inc. Speech and Occupational Therapy,"12301 Lake Underhill Rd #249, Orlando, FL 32828",(407) 249-3344,http://www.tetherapy.com/,4.8,17,28.547328999999998,-81.20245,ChIJt87NLLRn54gR2GPYJP9J-JM
Kids First Therapy Center inc Orlando,"13574 Village Park Dr Ste 200, Orlando, FL 32837",(407) 930-1000,https://kidsfirsttc.com/,4.6,37,28.3684698,-81.4278274,ChIJCWMH51GH3YgRIc4SORVtJ4A
Talk Active Speech & Occupational - Metrowest,"1701 Park Center Dr 230 - 2nd floor, Orlando, FL 32835",(321) 445-1287,http://talkactiveclinic.com/,4.1,42,28.521533899999998,-81.4698562,ChIJ__bk0A9554gRPyIuU3adUck
First Words Speech Therapy,"1239 Mt Vernon St, Orlando, FL 32803",(407) 810-2773,http://www.firstwordstherapy.com/,5,1,28.5506031,-81.3628152,ChIJQbNBcUJ754gRimPQp8bCn5M
Beyond Therapy,"14055 Town Loop Blvd # 300, Orlando, FL 32837",(407) 857-6285,http://www.centralfltherapy.com/,3.7,63,28.3622916,-81.4212371,ChIJ-5rItC6H3YgRw_X6wOgzfUc
First Words Speech Therapy,"606 Sherburn Ct, Orlando, FL 32828",(407) 810-2773,http://www.firstwordstherapy.com/,5,2,28.540799,-81.197175,ChIJneUwcbBn54gRoGU65DOSY10
Orlando Health Cancer Institute Oncology Speech Pathology,"22 W Underwood St 4th floor, Orlando, FL 32806",(321) 841-1869,https://www.orlandohealth.com/services-and-specialties/rehabilitation/services/speech-language-pathology,4.9,1374,28.5261034,-81.3772219,ChIJBcxIZw9754gRK0MIfBvWIVM
Apple Patch Therapy,"1858 N Alafaya Trail #207, Orlando, FL 32826",(407) 900-5313,http://www.applepatchtherapy.com/,5,14,28.5705524,-81.2088294,ChIJB-2COytm54gRlJ83nVCxxHg
Integrated Neuro Speech Therapy,"3505 Lake Lynda Dr #200, Orlando, FL 32817",(407) 243-8657,https://instherapy.com/?utm_source=google&utm_medium=wix_google_business_profile&utm_campaign=16011439910377442128,5,5,28.600887,-81.2218777,ChIJr0Ui-0YKUqQRshtaZxF4xxU
"Center for Speech & Language, LLC","5020 Goddard Ave, Orlando, FL 32804",(407) 299-1533,http://www.centerforspeechorlando.com/,5,5,28.6047577,-81.4020486,ChIJ79BrI5Rw54gRMFHugSEOxvo
AMP PEDIATRIC THERAPY,"6900 Tavistock Lakes Blvd Suite 400, Orlando, FL 32827",(407) 970-0824,https://www.amptherapyfl.com/,4.7,85,28.3726164,-81.2789822,ChIJzwMcGYdd54gR069jJGATXLc
Sproutlings Speech & Language Center,"9725 Selten Way Suite D, Orlando, FL 32827",(407) 600-5081,https://www.sproutlingsspeech.com/,5,20,28.3640719,-81.2482296,ChIJZx2WmzCH3YgRxiAih_hpivQ
Capital Speech & Language Therapy Services,"2930 Capital Medical Blvd, Tallahassee, FL 32308",(850) 294-3249,http://www.capitalspeechlanguagetherapy.com/,5,82,30.477021399999998,-84.2279207,ChIJt9qUf7RY7IgR8Uy7e6A6MQE
Caroline's Speech Retreat LLC | Tallahassee Pediatric Speech Therapy,"2840 Remington Green Cir, Tallahassee, FL 32308",(850) 212-2404,https://carolinesspeechretreat.com/,5,25,30.4901873,-84.2433145,ChIJk5oEu01f7IgRoTmcc-R03E0
Southern Speech Company,"2937 Kerry Forest Pkwy # B1, Tallahassee, FL 32309",(850) 890-4852,http://southernspeech.company/,5,24,30.5400527,-84.223413,ChIJt9YrK6gA2WIR-7SCk1j7KjA
Southeastern Therapy Services - Speech Therapy,"3139 Eliza Rd, Tallahassee, FL 32308",(850) 727-7928,http://www.webslp.com/,3.6,10,30.458055299999998,-84.22400499999999,ChIJQ3aNCx1f7IgRDIMnoiT0D18
"Speech Language Pathology Services of Tallahassee with Hilary C. Piotrowski, M.S., CCC-SLP","3845 Killearn Ct, Tallahassee, FL 32309",(850) 999-2577,,3.7,15,30.505232,-84.2468176,ChIJUfv_jT5f7IgRiHwY0OUVlS8
Pediatric Therapy Services Tallahassee,"2940 E Park Ave ste 2F, Tallahassee, FL 32301",(850) 800-7752,,5,1,30.442285599999998,-84.227859,ChIJv2mH6Bhd7IgR0rF_BIwC1eY
IMPACT Therapy,"1725 Hermitage Blvd, Tallahassee, FL 32308",(850) 325-6301,https://impacttlh.org/therapy/,3.4,7,30.4861458,-84.2457015,ChIJ-5T-1b9f7IgRUJ3FiGjzPzs
"Figure of Speech, LLC","1834B Jaclif Ct, Tallahassee, FL 32308",(850) 629-9105,http://figuresofspeechtherapy.com/,4.2,5,30.474649399999997,-84.2295467,ChIJybzqHXaKU24Rs80qX9LDUI8
"Children's Communication Center, Inc.","Armistead Rd, Tallahassee, FL 32308",(850) 386-8886,http://www.childrenscommunication.com/,5,4,30.47564,-84.262823,ChIJv_GJBGFf7IgRjSoBP3XQ4kc
Sunny Pediatric Services,"1738 Thomasville Rd, Tallahassee, FL 32303",(850) 909-5521,http://www.sunnyspeech.com/,5,10,30.4631726,-84.2724243,ChIJFcapZvr17IgR5SG2WV_CD8g
"Therapeutic Endeavors, LLC","2720 Apalachee Pkwy, Tallahassee, FL 32301",(850) 322-8709,https://therapeuticendeavors.com/,3.5,22,30.4284905,-84.237539,ChIJT1yY2QFf7IgRMfAAJWc-Y6A
Be Strong Therapy Services - Cancer Rehab,"1414 Piedmont Dr E Suite 100, Tallahassee, FL 32308",(850) 270-7374,https://www.bestrongtherapy.com/,5,73,30.496146,-84.2523448,ChIJY_wAPaZf7IgRECQ0-tPtccw
"Eloquent Speech and Language Therapy, LLC",,(850) 329-8918,http://www.eloquentslt.com/,5,2,30.214132,-84.17098349999999,ChIJ5Rsq6bVf7IgRyOwZOalpQ6Y
Flow Speech Therapy,,(850) 694-3082,https://www.flowslp.com/,5,1,30.649638999999997,-84.28101749999999,ChIJ-zAxFAkeGCMRP6_7AU5pZUU
Premier Therapy Services,"1809 Miccosukee Commons Dr STE 112, Tallahassee, FL 32308",(850) 210-1172,,5,3,30.466859399999997,-84.231824,ChIJvRMk0yBf7IgRaI_fbfmQPmA
Thrive Therapy,"4500 W Shannon Lakes Apartment 14, Tallahassee, FL 32309",(850) 518-7611,https://www.thrivetherapytally.com/,4,3,30.535515099999998,-84.21642539999999,ChIJZ4RXArBZ7IgRzdFO5xfpmAc
Communication Station Therapy Services,"2935 Kerry Forest Pkwy Suite A, Tallahassee, FL 32309",(850) 933-8606,http://www.thecommunicationstationslp.com/,,,30.5398861,-84.2236702,ChIJjTmYc-fL0koRwil-Z9e0pAY
The Therapy Place,"214 S Bronough St, Tallahassee, FL 32301",(850) 448-1477,https://www.thetherapyplacefl.com/,4,4,30.440057,-84.28462809999999,ChIJo8hE3k717IgR1rLZzsNo-Zk
"Mijares Speech Language Pathology, LLC",,(850) 296-7106,http://www.mijaresslp.com/,5,1,30.467056,-84.253917,ChIJ_WaSYXZZ7IgRcxWdk9BZOrU
Mrs. Britney Desir,"1344 Cross Creek Cir Unit 1, Tallahassee, FL 32301",(850) 322-8709,,5,2,30.429092699999998,-84.2374712,ChIJ86ZaT7df7IgR-h8GeVBo2Cc
Wildflower Speech Therapy,"4040 Newberry Rd Suite 1150, Gainesville, FL 32607, United States",+1 352-283-0595,http://www.gainesvilleslp.com/,4.8,23,29.654803599999997,-82.3862967,ChIJy58Ku6y86IgRw76jkxqORbo
Divine Speech and Swallowing Solutions LLC,"4631 NW 53rd Ave STE 102, Gainesville, FL 32653, United States",+1 352-440-8147,http://www.divinesss.com/,5,65,29.7007701,-82.3916215,ChIJEa1eikG76IgRvIamw3oDdGc
Fundamental Therapy Solutions,"250 NW 76 Dr, Gainesville, FL 32607, United States",+1 352-505-6363,http://funtherapysolutions.com/,4.3,47,29.6552738,-82.42505469999999,ChIJleqmsKW96IgRJVD_kBmk-9c
Speech4Kids of Gainesville,"13577 NW 2nd Ln, Newberry, FL 32669, United States",+1 352-240-3155,http://speech4kidsgainesville.com/,4.8,17,29.656237599999997,-82.48806429999999,ChIJ4TM2Db--6IgRRmzIZv3ftrw
Myoga Speech,"5300 SW 91st Terrace, Gainesville, FL 32608, United States",+1 352-340-1113,http://www.myogaspeech.com/,5,7,29.6052051,-82.4394738,ChIJh4eS2VeqI0cRAfJXs8Nieo8
Play to Grow Speech Therapy,"5200 Newberry Rd Suite E3, Gainesville, FL 32607, United States",,https://www.playtogrowgainesville.com/,5,8,29.659317899999998,-82.39834909999999,ChIJI7EB4ky96IgRtYuMVfUYPeU
Little Sprouts Speech,"4010 Newberry Rd STE A, Gainesville, FL 32607, United States",,https://www.littlesprouts-speech.com/,5,6,29.654301099999998,-82.38555099999999,ChIJnRU1t0q96IgRSnlcH71E_VQ
Lamp Post Therapy Center,"13568 NW 1st Ln UNIT 1, Tioga, FL 32669, United States",+1 352-331-9448,https://www.lampposttherapy.com/,4.8,25,29.655887999999997,-82.487484,ChIJr9Efr5q86IgROuKraPdYFpY
ACG Therapy and Autism Center,"4907 NW 43rd St STE C, Gainesville, FL 32606, United States",+1 352-372-0047,https://acgtherapycenter.com/,4.3,26,29.699806199999998,-82.3883819,ChIJx3MHNC276IgRJIzcM5Pj2V0
Top Therapy Solutions,,+1 352-251-2057,http://www.toptherapysolutions.com/,5,3,27.698638,-83.80460099999999,ChIJPXxYNAt-SWUR1X1GSAVXIXI
Speak Up Virtual Speech Therapy,"4600 SW 34th St #141844, Gainesville, FL 32614, United States",+1 352-562-3618,http://www.speakupvirtualspeechtherapy.com/,5,2,29.610611799999997,-82.3733273,ChIJL3Kez7qj6IgR-3MHE19qq14
Kinspire Health,,+1 844-695-4677,https://www.kinspirehealth.com/,5,23,34.851043,-97.5285485,ChIJNye9QL86jIQRD0TCZCFtAKQ
Learning Steps Therapy,,+1 352-514-6857,http://www.learningstepstherapy.com/,5,8,29.682529,-82.326591,ChIJ9R4LP9y96IgRlx0Golj0Wak
Launch Pad Therapy,"11101 NW 12th Pl, Gainesville, FL 32606, United States",+1 352-325-7400,http://www.launchpadtherapy.com/,5,1,29.664071,-82.460143,ChIJtTa5dQm86IgRWvL85RzaA14
UF Health Rehab Center for Kids - Magnolia Parke,"4740 NW 39th Pl Suite D, Gainesville, FL 32606, United States",+1 352-265-5204,https://ufhealth.org/locations/uf-health-rehab-center-for-kids-magnolia-parke?utm_source=pg-google&utm_medium=organic&utm_campaign=pg-listings,3.7,54,29.690315599999998,-82.3932454,ChIJpd43LDS76IgRwyyqgCiOdIg
Special Communications,"4125 NW 19th Pl, Gainesville, FL 32605, United States",+1 352-371-3680,http://specialcommunications.com/,1,1,29.669860099999998,-82.3875453,ChIJGTxRp1K76IgRzHQOCXyWa_g
BASS ABA Therapy - Gainesville West,"2035 SW 75th St B, Gainesville, FL 32608, United States",+1 877-823-4283,http://www.bassautism.com/,5,11,29.634057499999997,-82.42190649999999,ChIJZV4S0vG86IgRDgas4okOlIU
UF Health Speech & Audiology Center – Shands Hospital,"1600 SW Archer Road, D2-055, Gainesville, FL 32608, United States",+1 352-265-7900,,5,2,29.639452,-82.34503699999999,ChIJ5_FN2J-j6IgRjnngHNPKO5E
"In Your Words, Communication and Behavior Development LLC",,+1 352-478-3081,https://www.morethanwordscbd.com/,5,1,29.525893999999997,-82.35380289999999,ChIJfSXlQe4LgWQR9FZBmFc75vI
BASS ABA Therapy - Gainesville East,"1000 NE 16th Ave suite d, Gainesville, FL 32601, United States",+1 877-823-4283,http://www.bassautism.com/,5,2,29.6679063,-82.3124133,ChIJIbKZERel6IgRPIAcg0n_InA
"Madden Therapy Solutions, PLLC","10901 Roosevelt Blvd N, St. Petersburg, FL 33716",(727) 240-6209,https://maddentherapysolutions.com/,5,69,27.8726953,-82.6485148,ChIJDwF52BnhwogR4D8P8kkiImc
"Bridge Speech Therapy, LLC","4200 4th St N STE B, St. Petersburg, FL 33703",(727) 201-3434,http://www.bridgespeech.com/,5,17,27.810705,-82.63895409999999,ChIJA65uN0rhwogRnAoZH0gviO4
Because You Can,"5225 Central Ave N, St. Petersburg, FL 33710",(727) 954-5635,http://www.becauseyoucanllc.com/,4.4,17,27.7711923,-82.7045773,ChIJxfKKlufjwogR9MxGqfbu7Rw
"TheraChoice, Inc","501 66th St N, St. Petersburg, FL 33710",(727) 452-1710,https://www.facebook.com/therachoiceinc,4.3,46,27.7773929,-82.7281179,ChIJC0ZM38LjwogRS8bNUIadzBs
"Speak Easy Pediatrics, LLC",,(615) 587-6035,https://www.speakeasypediatrics.com/,4.9,27,31.807610999999998,-84.52497249999999,ChIJ12SDy3fjwogRfPnqO0bNkGg
Lighthouse Pediatric Therapy Partners,"412 12th Ave N, St. Petersburg, FL 33701",(727) 344-9472,http://lighthousepediatrictherapypartners.com/,5,18,27.784216899999997,-82.6388147,ChIJ-d1yd4LhwogROJUwuxmL76k
Little Sunshine Pediatric Therapy,,(908) 217-5267,https://www.littlesunshinetherapy.com/,5,26,27.8473769,-82.69306759999999,ChIJdyQCSRWY5y8R6Qm31i5fWTo
Pediatric Feeding and Swallowing Associates,"9500 Koger Blvd N Suite 213, St. Petersburg, FL 33702",(727) 317-7655,https://www.feeding.com/,5,18,27.859197299999998,-82.6407735,ChIJJQyFt6LmwogR69CxXIVD46I
Neurorehab & Speech Healers - Speech Therapy & Pathology,"490 1st Ave S 2nd floor, St. Petersburg, FL 33701",(727) 761-2446,https://www.floridaspeechtherapy.net/saint-petersburg-fl/,5,2,27.7699748,-82.6391568,ChIJNzMmy7vhwogR4qI1d_zUPI0
Impactful Speech Therapy and Coaching,"7901 4th St N #300, St. Petersburg, FL 33702",(904) 478-8700,https://impactfulspeechtherapy.com/,5,2,27.844331099999998,-82.6381356,ChIJ89pGPKzu92YRgSUluQOQpA0
Find My Voice Therapy Services,,(727) 300-1949,http://www.findmyvoicetherapy.com/,5,11,27.789104499999997,-82.6967706,ChIJ0UnJ235gyKcRFJVrHreEnDU
Saint Pete Speech Therapy,,(813) 750-7852,http://www.saintpetespeech.com/,5,3,34.770126499999996,-102.8065235,ChIJfRrMW_kxqUER1bTdi-9AVrg
Lampert's Therapy Group,"8254 118th Ave N, Largo, FL 33773",(727) 541-5304,http://www.lampertstherapy.com/,4.5,62,27.8791114,-82.7533602,ChIJoxL6_t76wogRIhWE3rdpYRI
The Aphasia Center Intensive Aphasia Treatment Program,"4423 Central Ave, St. Petersburg, FL 33713",(727) 823-2529,http://www.theaphasiacenter.com/,4.8,17,27.771247,-82.6935039,ChIJo2dq69LiwogRvhoeR6j8Koc
Speech-Language and Feeding Services at Johns Hopkins All Children's Hospital,"880 6th St S, St. Petersburg, FL 33701",(727) 767-4141,https://www.hopkinsmedicine.org/all-childrens-hospital/services/rehabilitation/speech-language-and-feeding-services,3.7,6,27.761415799999998,-82.64101649999999,ChIJ9VRhdI_hwogR-bJLDkU7oEc
Playful Paths Speech Therapy,,(407) 718-7412,https://www.playfulpathstherapy.com/,5,17,27.712045999999997,-82.076702,ChIJwT96X4mWFgwRWdsiZmKSQmc
Ms. Kerri SLP,,(508) 954-7767,https://www.mskerri.com/,5,1,27.698638,-83.80460099999999,ChIJu-f81W3pU2MR7RU9glDSQbI
Siembra Speech Therapy,,(813) 308-9346,https://siembraspeechtherapy.com/,5,6,32.8244879,-117.10776,ChIJgfEtgpT1_S4RZtGEZ37qLC4
"Maria Dalrymple, MS CCC-SLP","13575 58th St N, Clearwater, FL 33760",(727) 350-1810,http://kidsspeechtherapy.com/,5,7,27.8953188,-82.7116459,ChIJFX3Lvd3twogRuZPV-ykroTA
"Bilingual Speech Therapy of Clearwater, LLC","29257 US Hwy 19 N, Clearwater, FL 33761",(727) 201-2778,https://www.bstcflorida.com/,5,14,28.0382438,-82.7368348,ChIJHaOSKnrxwogRIAVGaLHOqZ8
Foundations Therapy,"2753 FL-580 STE. 111, Clearwater, FL 33761",(727) 724-5437,http://foundationstherapy.net/,5,11,28.0211613,-82.711057,ChIJYQ04_tztwogRBs7aWH-Dnw8
"Organic Speech Therapy, PLLC",,(727) 678-0772,http://www.organicspeechtherapy.com/,4.9,14,27.103424,-81.56350139999999,ChIJISmvTDTxwogRSQ9H7vBDmX4
Sunrise Therapy LLC,"2288 Drew St STE C, Clearwater, FL 33765",(727) 481-9985,https://sunrise-therapy.net/,5,4,27.9682979,-82.7429978,ChIJeW8pvVLxwogRCNV8aebGmd4
"I.T.S. For Kids, Inc.","4902 Creekside Dr, Clearwater, FL 33760",(727) 592-9100,http://www.itsforkids.net/,4.9,7,27.8908886,-82.7019476,ChIJ4WaLxw3lwogRAGduciCOOo0
Therapies Plus LLC,"2595 Tampa Rd Suite Q, Palm Harbor, FL 34684",(561) 574-7094,http://tplusllc.com/,5,50,28.0679469,-82.7374258,ChIJj7gs58zzwogR-tzU7v0I9ZU
Empowered Speech Therapy LLC,,(727) 275-0418,http://www.empoweredspeechllc.com/,5,5,27.8918945,-82.780579,ChIJZSXD7Gic2Q0RXwUo9EOT68c
Heart 4 Kids Therapy LLC,"31840 US Hwy 19 N, Palm Harbor, FL 34684",(727) 202-9200,http://www.heart4kidstherapy.com/,4.7,67,28.061580199999998,-82.7407751,ChIJ-Wy5sYDywogRGuXnsp9EQ6M
Speech Therapy of Pinellas LLC,,(727) 434-6500,http://www.speechpinellas.com/,5,2,27.8918945,-82.780579,ChIJgwsyF0eajK4Rn0FgXTI9lso
Little Steps Florida,"36430 US Hwy 19 N, Palm Harbor, FL 34683",(727) 330-0240,http://www.littlestepsflorida.com/,4.8,30,28.1034206,-82.7402034,ChIJkRf12L3zwogRTjwZu1HX8hg
"Suncoast Speech Therapy, LLC",,(727) 385-1907,https://suncoastspeech.care/,5,9,28.132728999999998,-82.53727599999999,ChIJvVedyZvmZiwRZX1aZ3I6JZY
Sensational Students Occupational Therapy,"971 Park St, Clearwater, FL 33755",(727) 433-7725,https://sensationalstudentsot.com/,5,12,27.9650207,-82.79357929999999,ChIJA4RK_hUOjgERzzgdY_5yFzQ
Speech Therapy Center,"1825 S Pinellas Ave # 105, Tarpon Springs, FL 34689",(727) 940-3114,https://speech-therapycenter.com/,5,1,28.1260884,-82.75917369999999,ChIJeXg4gHqNwogRPPNHl0DCHaw
Turning Tides Speech Therapy,,+1 850-935-5132,https://turningtidesspeech.com/,4.7,12,30.4951664,-85.828245,ChIJARDVI0ynDqURuH3mL53xjho
Pediatrics Therapy Center,"4624 Summerdale Blvd, Milton, FL 32571, United States",+1 850-994-3456,http://www.pediatrictherapycenterflorida.com/,5,59,30.6045941,-87.136737,ChIJvddLHqTukIgR2MjdaptrvTQ
The Arc Gateway's Pearl Nelson Child Development Center,"916 E Fairfield Dr, Pensacola, FL 32503, United States",+1 850-434-7755,https://arc-gateway.org/,4.4,37,30.4555795,-87.2133934,ChIJ65XA53zAkIgRahfpqH0Ey-Q
Capstone Children's Therapy Clinic,"4901 W Fairfield Dr, Pensacola, FL 32506, United States",+1 850-453-7463,https://www.capstoneacademy.org/,4.3,6,30.431540599999998,-87.28456299999999,ChIJgwjkIWi_kIgRsd5NmErn42o
Tubes 2 Tables,"1290 E 9 Mile Rd, Pensacola, FL 32514, United States",+1 850-857-9343,,4.3,6,30.5331913,-87.2378639,ChIJbfWa-aWVkIgR3QAifpq6r_w
Bright Futures Speech Therapy LLC,"401 E Chase St Suite 103, Pensacola, FL 32502, United States",+1 831-309-2101,https://www.brightfuturesspeechtherapy.com/,,,30.415804599999998,-87.2046797,ChIJFzzl7zvBkIgRCzjXud61bk4
"Gulf Breeze Speech and Language, LLC","65 Baybridge Dr, Gulf Breeze, FL 32561, United States",+1 850-780-5712,http://www.gulfbreezespeech.com/,5,4,30.368564,-87.173385,ChIJfc0Wmj7HkIgRlaYJumYwb4U
Full Circle Therapies of Pensacola,"401 E Chase St Suite 200, Pensacola, FL 32501, United States",+1 850-204-8030,http://www.fullcircletherapies.net/,,,30.415561699999998,-87.2047551,ChIJBdvONpHBkIgR0pNSlN68ce0
"Barbara J. Kahalley, ST","QTC Medical Group, 9400 University Pkwy, Pensacola, FL 32514, United States",+1 850-208-6120,,5,1,30.533441099999997,-87.2193736,ChIJK5SwaNLqkIgRdkbZzUG_nH8
CenterWell Home Health,"1301 N Palafox St Suite 300, Pensacola, FL 32501, United States",+1 850-434-8662,https://www.centerwellhomehealth.com/about-us/find-care-near-you/centerwell-home-health-pensacola/?utm_source=Organic&utm_medium=GBP,4.5,97,30.4265042,-87.219081,ChIJLykezALAkIgRkAeFFgls74s
PT Solutions of Pensacola,"5401 Corporate Woods Dr Suite 300, Pensacola, FL 32504, United States",+1 850-912-6840,https://ptsolutions.com/find-a-clinic/fl/pensacola/pensacola/?utm_source=google&utm_medium=organic&utm_campaign=GMB-PT-Solutions-Pensacola&utm_content=listing,4.9,238,30.477301599999997,-87.1999195,ChIJm5yICD_AkIgR0s8i_MS6rr4
"Lindsey Torgersen Speech & Language Therapy, LLC.",,+1 850-723-9955,http://ltspeechtherapy.com/,5,9,30.4922284,-87.257952,ChIJ-x_LXqGaFAQRNW9skU-KwjA
Ascension Sacred Heart Occupational Health and Rehabilitation Center,"4925 Grande Dr 2nd Fl, Pensacola, FL 32504, United States",+1 850-746-4902,https://healthcare.ascension.org/locations/florida/flpen/pensacola-ascension-sacred-heart-occupational-health-and-rehabilitation-center?utm_campaign=gmb&utm_medium=organic-search&utm_content=location-listing&utm_source=local,3.7,12,30.471371299999998,-87.2054165,ChIJEx-nvoe_kIgR7GA6LoN55Vw
"Kaylen Randall, MS CCC-SLP","105 Gregory Square, Pensacola, FL 32502, United States",+1 334-226-2604,,,,30.4157369,-87.2129436,ChIJlwp5xdzBkIgRn4l-9TuKMHw
Halifax Health Brooks Rehabilitation OP - Daytona Pediatrics,"311 N Clyde Morris Blvd Suite 50, Daytona Beach, FL 32114",(386) 425-7800,https://brooksrehab.org/locations/daytona-pediatric/?utm_source=listings&utm_medium=organic&utm_campaign=yext&utm_content=daytona-peds,4.1,11,29.201744299999998,-81.0540755,ChIJB0IjetbZ5ogRw2jbaGwJFak
Restorative Speech Services Inc.,"3930 S Nova Rd #100b, Port Orange, FL 32127",(352) 462-3114,https://restorativespeechservicesinc.clientsecure.me/,5,13,29.119760499999998,-81.00102249999999,ChIJibxM-RHZ5ogR-jgQ_JKzKr0
Speech Works Pediatric Therapy,"808 Dunlawton Ave Ste. 4, Port Orange, FL 32129",(386) 446-9935,http://speechworksflorida.com/,4.8,17,29.1307035,-81.0012394,ChIJnZuM8wjZ5ogRIypcQmn8cFY
"Shannon C. Bright, MS","Daytona Beach, FL 32114",(904) 215-3324,,5,1,29.194830699999997,-81.0255553,ChIJ-V9lf5vZ5ogRGUWvz_O5Tvk
Finish Line Speech Services,"801 Chicago Ave, South Daytona, FL 32119",,,5,1,29.1760795,-81.0209756,ChIJJdl4RwDZ5ogRx1GaxnXywlg
Restorative Speech Services Inc.,"890 N Boundary Ave # 200, DeLand, FL 32720",(352) 462-3114,https://restorativespeechservicesinc.clientsecure.me/,5,54,29.042281799999998,-81.3209423,ChIJJzQzsL0b54gRF6BKMV8fOxM
Speech Works Pediatric Therapy,"1275 W Granada Blvd #3b, Ormond Beach, FL 32174",(386) 446-9935,https://speechworksflorida.com/,4.3,11,29.2647023,-81.1061218,ChIJ1bpu6azd5ogRK1_pX7k5Y00
"Gayle Belin, M.A., CCC-SLP","1834 Mason Ave, Daytona Beach, FL 32117",(802) 373-3918,,,,29.2112494,-81.0791096,ChIJbz1eQqre5ogRX2E0yWwLWUk
Early Steps,"125 N Ridgewood Ave, Daytona Beach, FL 32114",(386) 873-0365,https://www.easterseals.com/necfl/programs-and-services/childrens-services/early-steps-north-beaches.html,,,29.2119407,-81.0230484,ChIJEftmNFbZ5ogRwWNtaKEXcd0
Aligned Horizons Therapy,,(386) 601-9737,http://www.alignedhorizons.org/,5,28,28.657940399999998,-81.7175185,ChIJsZiMU7qKIyARXOVVdKBZ-Qg
CenterWell Home Health,"1717 N Clyde Morris Blvd #140, Daytona Beach, FL 32117",(386) 274-1088,https://www.centerwellhomehealth.com/about-us/find-care-near-you/centerwell-home-health-daytona-beach/?utm_source=Organic&utm_medium=GBP,4.8,54,29.232268899999998,-81.08782479999999,ChIJ5e-GQRLc5ogRKca98FZJpoQ
"Great Strides Rehabilitation- Port Orange, FL","3890 Turtle Creek Dr # C, Port Orange, FL 32127",(904) 886-3228,https://greatstridesrehab.com/contact/wgv/,3.8,6,29.123431,-81.0046747,ChIJ_cvQ4gkv54gRiRLzAR-eeDA
"Coastal Speech and Language Center, LLC","55 Plaza Dr #6, Palm Coast, FL 32137",(386) 346-0523,http://www.coastalslp.com/,5,7,29.555698099999997,-81.22550389999999,ChIJM5mj9T6X5ogR-X_oP9CFJAY
Varsity Rehabilitation,"495 S Nova Rd #113, Ormond Beach, FL 32174",(386) 677-4300,https://premier-therapy.com/location/ormond-beach-varsity/,4.9,49,29.2686162,-81.07870129999999,ChIJvQjXtyzd5ogRSxosXICIa_Y
Easterseals NECFL,"1219 Dunn Ave, Daytona Beach, FL 32114",(386) 255-4568,http://www.easterseals.com/necfl/,3.3,35,29.2070218,-81.0544745,ChIJCZIsQV7Z5ogRZ8v5a7-nefs
Diamon Jessica R,"1104 Beville Rd # J, Daytona Beach, FL 32114",(386) 252-7837,,,,29.175472799999998,-81.03015119999999,ChIJD84yCqjZ5ogRv35UMHfia14
Halifax Health Brooks Rehabilitation Outpatient - Daytona,"201 N Clyde Morris Blvd # 320, Daytona Beach, FL 32114",(386) 236-7017,https://brooksrehab.org/locations/physical-therapy-daytona-beach/?utm_source=listings&utm_medium=organic&utm_campaign=yext&utm_content=daytona-beach,3.7,89,29.1992597,-81.05398459999999,ChIJ1cqTpkLZ5ogRCnms6Q7CJUA
Beachside Speech Club,,(386) 320-6130,http://www.beachsidespeechclub.com/,5,4,29.0293104,-80.9639545,ChIJDwH6bnZ1XUIRfXcJBx2Ayd0
"Bright Voices Speech Therapy, LLC",,(407) 327-8316,http://www.brightvoicestherapy.com/,5,10,28.321306999999997,-81.97702509999999,ChIJ2Z9xMa7Phi8Rt66rMgZlDzQ
Speech Works Pediatric Therapy,"4 Office Park Dr Suite 4, Palm Coast, FL 32137",(386) 446-9935,http://speechworksflorida.com/,4.1,11,29.5590741,-81.2031475,ChIJBXW_N3mU5ogRHT6ZivKtf6o
FOCUS,"4997 Royal Gulf Cir, Fort Myers, FL 33966",(239) 313-5049,http://www.focusflorida.com/,4.6,75,26.593645199999997,-81.81392389999999,ChIJK1oHBBtr24gRXuwz57RBlNU
"Bilingual Speech-Language Pathology Center, Inc.","4048 Evans Ave, Fort Myers, FL 33901",(239) 479-5093,,4.3,11,26.603493,-81.86024599999999,ChIJf944c4Rq24gRIPLciwykL_o
"Sandpiper Speech & Language Therapy, LLC","1469 Colonial Blvd Ste 110, Fort Myers, FL 33907",(239) 312-9001,http://www.sandpiperslp.com/?utm_source=google&utm_medium=wix_google_business_profile&utm_campaign=17366736876480547997,4.4,7,26.5972507,-81.8862956,ChIJ_-DJRg2wU2sROfLSMVLoAs0
"Elite DNA Behavioral Health - Fort Myers - Occupational Therapy, Speech & ABA","6714 Winkler Rd, Fort Myers, FL 33919",(239) 215-1025,https://elitedna.com/locations/fort-myers-plantation/,4.5,22,26.5443841,-81.8993876,ChIJ6-Q_6kYV24gRMlGqMjTyEEg
"SWFL Speech Therapy, Inc.","14260 Metropolis Ave, Fort Myers, FL 33912",(239) 400-1705,https://www.swflspeechtherapy.com/,5,4,26.534891,-81.853982,ChIJXQt0zgcV24gRXpk3Mu4-uW8
SPOT Therapy Associates,"14410 Metropolis Ave, Fort Myers, FL 33912",(239) 561-2778,http://www.spottherapyassociates.com/,4,20,26.532602999999998,-81.853982,ChIJVVVVVW4V24gR_QH2uY9J3Jc
My Word Speech Therapy LLC,"1510 Santa Barbara Blvd, Cape Coral, FL 33991",(239) 286-4432,https://www.mywordspeech.com/,5,26,26.6242974,-81.9746789,ChIJmdIKgTeqmWgRNpcFVO-G-jE
"Orange Therapy- Speech, Language & Myo Services",,(505) 303-0115,https://www.orangetherapy.net/,5,1,26.552896399999998,-82.01209589999999,ChIJy1gofPJWvQcRhPaceuNZXpk
The Language Loft,"9470 Corkscrew Palms Cir Ste 102, Estero, FL 33928",(239) 400-4221,https://thelanguageloft.com/,5,20,26.430669299999998,-81.79706759999999,ChIJh5LX2twW24gRDd50BLngpzs
Speech Matters,"2328 Hancock Bridge Pkwy, Cape Coral, FL 33990",(239) 246-8751,http://speechmattersswfl.com/,4.7,17,26.652286,-81.9243958,ChIJxauux-9B24gRAKRI-9QLaGM
Spectrum Speech Therapy,"1250 Business Way, Lehigh Acres, FL 33936",(239) 674-9423,https://zzmaps.xyz/business/spectrum-speech-therapy-wgFkb9XA,4.6,58,26.605672799999997,-81.65173159999999,ChIJUYwYrhRz24gRt_zwgFkb9XA
Homegrown Therapy of SWFL,"1510 Hancock Bridge Pkwy #6, Cape Coral, FL 33990",(239) 478-7059,https://www.homegrowntherapyswfl.com/,5,17,26.651484399999998,-81.9427537,ChIJM_sPw1MC1Q4RytrSJAiipSk
Lee Health Children's Rehabilitation Center - Women & Children's Medical Plaza,"15901 Bass Rd #104, Fort Myers, FL 33908",(239) 343-6690,https://www.leehealth.org/our-services/pediatric-rehabilitation?utm_source=local-listing&utm_medium=organic&utm_campaign=website-link,4.3,6,26.510375699999997,-81.9105909,ChIJA9dlSvY-24gRUD0N4TSuvCs
Happy Learning LLC,"3400 Lee Blvd, Lehigh Acres, FL 33971",(239) 369-5889,,4.5,17,26.6175781,-81.687015,ChIJhw3-xuFz24gRBh66VVxKSCo
Cape Speech Therapy LLC,"2804 Del Prado Blvd S #109, Cape Coral, FL 33904",(239) 540-8255,http://www.capespeechtherapy.com/,5,2,26.5997086,-81.9419901,ChIJPdKKjMVA24gRr08HR032W08
Little Talks Speech Therapy,,(239) 329-1323,http://littletalkstherapy.com/,5,7,26.2953461,-81.8820946,ChIJV3uOlcuWi2IRR5Ijw1VKBeo
Lee Health Children's Rehabilitation Center - City Center,"3114 Cleveland Ave, Fort Myers, FL 33901",(239) 343-4970,https://www.leehealth.org/our-services/pediatric-rehabilitation?utm_source=local-listing&utm_medium=organic&utm_campaign=website-link,3.5,6,26.619385299999998,-81.87305649999999,ChIJ__8_FtFB24gRMGnwVGdjFcE
Ring Therapy Services,,(239) 478-6375,https://ringtherapyservices.com/,5,9,27.698638,-83.80460099999999,ChIJQ5xKvF096YgRHuvX-fQBbs0
Blooming Speech & Language Services LLC,,(239) 222-6768,,5,4,26.555556499999998,-81.7952225,ChIJf6HUqOYiiCIRUmyUqvrv-PA
A Plus Speech Therapy,"23150 Fashion Dr, Estero, FL 33928",,https://aplusspeechtherapy.com/,5,9,26.4022576,-81.8072567,ChIJU1XN-oAX24gRuLInylMdOu0
"Neuro Speech Therapy, LLC.","5969 Cattleridge Blvd STE 100, Sarasota, FL 34232",(941) 263-8240,https://neurospeechtherapy.com/,5,27,27.3015302,-82.4492724,ChIJ2ZkPPbFcXkURhaIcTgKXO2U
Neurorehab & Speech Healers - LLC,"2805 Fruitville Rd Suite 250, Room 1, Sarasota, FL 34237",(732) 743-8383,https://www.floridaspeechtherapy.net/,5,63,27.338661,-82.5125557,ChIJDddFuY5Bw4gRF8AjlYRdP6g
Betsy Inbar Speech and Language Pathologist,"2831 Ringling Boulevard #E-117, Sarasota, FL 34237",(941) 350-4640,http://www.inbarspeechlanguageandreading.com/,4.2,5,27.336954,-82.5127955,ChIJ49WbVo9Aw4gR-vE517nsyzY
Pediatric Therapy Solutions,"5899 Whitfield Ave # 203, Sarasota, FL 34243",(941) 360-0200,https://pediatrictherapysolution.com/,4.2,5,27.389744399999998,-82.4866028,ChIJRRdOGyY_w4gRUCwLPaFx1xc
The Florida Center for Early Childhood,"4620 17th St, Sarasota, FL 34235",(941) 371-8820,http://www.thefloridacenter.org/,5,6,27.347228599999998,-82.4753645,ChIJwbLCh1Q_w4gRWd0N43Xk44s
"Edge Therapies, LLC","6901 Professional Pkwy E, Sarasota, FL 34240",(941) 226-8617,https://edgetherapiesfl.com/,5,31,27.3837889,-82.4320549,ChIJkarZStncg40ROAssor9-Wog
Robert Kevlin- Speech Language Pathologist,"2805 Fruitville Rd Suite 250, Room 1, Sarasota, FL 34237",(732) 743-8383,https://floridaspeechtherapy.net/robert-kevlin-speech-language-pathologist/,,,27.338661,-82.5125557,ChIJCYCNKF9Bw4gRtAmqxuRqBRM
"Therapeutic Potentials, Inc.","6977 Professional Pkwy E, Sarasota, FL 34240",(941) 758-3140,https://tpitherapy.com/,4.6,10,27.383267,-82.42550489999999,ChIJmeuROlE4w4gRM32gNq5fn7Y
"Therapeutic Potentials, Inc.","3220 S Tamiami Trl, Sarasota, FL 34239",(941) 758-3140,https://tpitherapy.com/,,,27.304891299999998,-82.5305478,ChIJtTGDgU9Bw4gRaThIKoMFlRo
Sertoma Kids,"2750 Stickney Point Rd STE 210, Sarasota, FL 34231",(941) 228-1062,https://sertomakids.org/,4.4,7,27.268094899999998,-82.51469279999999,ChIJq6qa24o_w4gRUF_ndhgnBQU
"Ciara Johnson Speech Therapy, LLC",,(941) 993-2067,http://ciarajohnsonspeechtherapy.com/,5,30,27.2743035,-82.4706995,ChIJKZD4wwUwxoIRU73PkfLqvhw
Salt and Light Speech Therapy,"903 25th Dr E Ste 3, Ellenton, FL 34222",(941) 867-3838,https://www.saltandlightslp.com/,5,10,27.520459,-82.53830099999999,ChIJO4rfbI49w4gRfIT-oWK930o
Children’s Therapy Solutions,"3823 FL-64, Bradenton, FL 34208",(941) 745-5111,http://childrenstherapysol.com/,4.4,111,27.4993509,-82.5149261,ChIJe9ik7fw8w4gRL5db1ZjKcXg
On the Go Therapy,"2970 University Pkwy #105, Sarasota, FL 34243",(941) 360-1988,http://otgtherapy.com/,5,15,27.388209,-82.51032699999999,ChIJjdfrOk1Bw4gRKq7SGAL7I24
Building Skills-Occupational Therapy,"2750 Stickney Point Rd Suite 210-B, Sarasota, FL 34231",(941) 277-9901,,5,6,27.2679071,-82.5148313,ChIJqapnPd1Bw4gRtkTaXCdKyE0
Purposeful Play Pediatric Therapy,"680 U.S. 41 Bypass N SUITE 2, Venice, FL 34285",(941) 375-9813,https://purposefulplaypediatrictherapy.com/,5,21,27.1089101,-82.4408205,ChIJ31_IhVNbw4gRBMmjlVhgp9g
Spring Forward Therapy,"1775 Arlington St #2, Sarasota, FL 34239",(941) 914-5983,http://www.springforwardtherapy.com/,5,55,27.3177195,-82.5343111,ChIJ91YDpPFBw4gRSudXXPIJmAw
Florida Speech Therapy,"2805 Fruitville Rd suite 250, Sarasota, FL 34237",,,,,27.338661,-82.5125557,ChIJ88SOhvRBw4gR_eN9pIIDN6M
Speech Works SRQ,"1538 Stickney Point Rd Suite 103, Sarasota, FL 34231",(941) 932-8824,https://www.speechworkssrq.com/,,,27.2546134,-82.529911,ChIJy-Ml4GRDw4gRJGS2F4Zyjsk
Central Florida Speech and Hearing Center,"3020 Lakeland Highlands Rd, Lakeland, FL 33803",(863) 686-3189,http://www.cfshc.org/,4.6,217,28.008782399999998,-81.9232589,ChIJ_5YceuQ-3YgRmAGsMF_8rUc
Pediatric Therapy Services,"1215 E Orange St, Lakeland, FL 33801",(863) 802-3800,http://ptsbeyourbest.com/,3.7,46,28.041506599999998,-81.940178,ChIJLbcKpkc_3YgRFV67PEwmyZ8
HealthPRO Pediatrics Lakeland,"1818 Harden Blvd #160, Lakeland, FL 33803",(863) 683-4726,https://www-healthpro-heritage-com.sandbox.hs-sites.com/pediatrics/lakeland-fl/,3.1,45,28.0211124,-81.9732422,ChIJB__ATN443YgRzWYAn-SNE3A
Virtually Speaking,"5129 S Lakeland Dr # 2, Lakeland, FL 33813",(863) 732-9955,https://virtuallyspeakingslp.com/,4.8,16,27.97221,-81.964317,ChIJ6fw9WbQ43YgRFWzRfpngYnE
FIRST STEP THERAPY,"520 Florida Ave S, Lakeland, FL 33801",(863) 268-2608,http://www.firststep-therapy.com/,3.8,40,28.038075799999998,-81.9568484,ChIJNXVZXq853YgR_Q-0hNMFzhY
Tiny Wonders Speech and Language Therapy,"2420 N Crystal Lake Dr Suite 103, Lakeland, FL 33801",(863) 225-0007,https://www.tinywondersspeech.com/?utm_source=google&utm_medium=wix_google_business_profile&utm_campaign=2029785472540753612,5,6,28.028334299999997,-81.909762,ChIJJ0lnnYZD3YgR28gsO2Ur39k
Sunshine Circle Speech & Language,"624 Mid-Florida Dr Suite 7, Lakeland, FL 33813",(863) 271-9556,http://www.sunshinecircle-slp.com/,5,8,27.9567689,-81.96540329999999,ChIJA_xrFAA73YgROwLGe3RaEI4
Let's Talk & Move Therapy Center,"624 Mid-Florida Dr Suite 5, Lakeland, FL 33813",(863) 272-9639,http://www.ltmtherapycenter.com/,5,8,27.9567195,-81.9653927,ChIJo-F73bM73YgRkdn_fS7ZrlI
Townsend Speech & Language Therapy LLC,,(954) 729-6237,http://townsendslt.com/,5,5,27.992309,-82.1382515,ChIJVU4V4_xEIQIRJvNBK9kjxjk
HealthPRO Pediatrics Lakeland,"4222 Florida Ave S, Lakeland, FL 33813",(863) 456-7148,https://www-healthpro-heritage-com.sandbox.hs-sites.com/pediatrics/lakeland-fl/,5,7,27.9887253,-81.9555615,ChIJyZcgdXE53YgRQRyoKC5GYJc
Grow the Vine Speech & Wellness,"1424 Commercial Park Dr Unit 6, Lakeland, FL 33801",(863) 940-9863,http://www.gtvspeechgym.com/,5,2,28.025199399999998,-81.9247929,ChIJbYoumvU93YgRH0895cZwnEY
All About Speech & Language Therapy Brandon & Occupational Therapy Brandon,"1452 Bloomingdale Ave, Valrico, FL 33596",(813) 616-4004,http://aaspeech.com/,4.9,35,27.8960233,-82.25708449999999,ChIJb8zeC-TRwogReTsUMypQyxE
The Communication Station,,(786) 295-3642,http://www.the-communication-station.com/,5,15,27.946309,-82.0330965,ChIJI8pg-LhhiiYRwcBScgrmAGU
Swan City Speech,"1619 Harden Blvd, Lakeland, FL 33803",(863) 808-1970,https://www.swancityspeech.com/,5,7,28.0236576,-81.9744047,ChIJSxCpRoE53YgRJktmf9M3UCM
"Johns Hopkins All Children's Outpatient Care, Lakeland","3310 Lakeland Hills Blvd, Lakeland, FL 33805",(863) 802-6600,https://www.hopkinsmedicine.org/patient-care/locations/johns-hopkins-all-childrens-outpatient-care-lakeland,4.4,118,28.084846199999998,-81.9540973,ChIJ6QrtvUpH3YgRVKOfJAYnEzo
"Speech Therapy Associates, LLC","121 Webb Dr #400, Davenport, FL 33837",(863) 421-5800,https://speechtherapyassociatesllc.com/,4.8,26,28.151176999999997,-81.6379663,ChIJhSdHaI1x3YgRndQw_Vfn6fs
"Rayanne Woodruff, SLP","3021 Lakeland Highlands Rd, Lakeland, FL 33803",(863) 688-5232,https://www.risimaging.com/,,,28.0085142,-81.9248712,ChIJlbgZQ-Q-3YgRI-3oRhVfSNQ
"Catherine M. Seifer, MA","716 E Bella Vista St, Lakeland, FL 33805",(863) 683-6504,,5,1,28.0702036,-81.9507328,ChIJ5ah0Y6xA3YgRy7MHFertSDY
PT Solutions of Lakeland,"4227 US Hwy 98 N, Lakeland, FL 33809",(863) 937-3346,https://ptsolutions.com/find-a-clinic/fl/lakeland/lakeland/?utm_source=google&utm_medium=organic&utm_campaign=GMB-PT-Solutions-Lakeland&utm_content=listing,4.9,176,28.0952569,-81.97183749999999,ChIJu0bEBTJH3YgRuTpB7D7Tf9I
Palm Beach Speech & OT Specialists,"4690 S Dixie Hwy, West Palm Beach, FL 33405",(561) 842-8996,https://www.palmbeachsos.com/,5,17,26.6708608,-80.0548587,ChIJicmGql3V2IgRWQ4UsOzQQx4
First Words Pediatric Therapy,"1850 Forest Hill Blvd STE 100, West Palm Beach, FL 33406",(561) 328-8312,http://firstwordspediatrictherapy.com/,5,10,26.6509793,-80.07851699999999,ChIJdZChB0TX2IgRD5plv0kXzaU
Progressive Pediatric Therapy-West Palm Beach Clinic,"5589 Okeechobee Blvd, West Palm Beach, FL 33417",(561) 376-2573,https://ppt4kids.com/,4.7,192,26.7078876,-80.1287002,ChIJD1MgW7wp2YgRsRBPTS1OJNw
Theraspeech Inc,"1401 Forum Way #300, West Palm Beach, FL 33401",(561) 689-2147,http://theraspeechinc.com/contact-us/,4.8,26,26.72618,-80.0807581,ChIJ4YVo0XUq2YgR_RfARJ35ass
Speech and Language Center of the Palm Beaches,"605 Belvedere Rd # 18, West Palm Beach, FL 33405",(561) 318-1292,https://www.speechwestpalmbeach.com/,5,12,26.690601599999997,-80.0574037,ChIJY92vVnjX2IgRrc7JTuF0LVw
CREATIVE THERAPY SOLUTIONS for SPEECH LANGUAGE PATHOLOGY,"2168 Jog Rd, West Palm Beach, FL 33415",(561) 641-5757,http://creativetherapysolutions.org/,4.7,14,26.6457019,-80.144865,ChIJXWiBJEgm2YgROz6_1NdcSC4
Speech & Learning Institute,"1201 U.S. Rte 1 #210, North Palm Beach, FL 33408",(561) 776-8612,http://www.pbspeech.com/,4.7,15,26.836429,-80.061922,ChIJU53nbtoq34gRi5K6ityG6io
Palm Beach Speech & OT Specialists,"420 U.S. Hwy 1 #13, North Palm Beach, FL 33408",(561) 842-8996,http://palmbeachsos.com/,5,1,26.809804099999997,-80.055526,ChIJe8LjNnXV2IgR0IpfpNAn5PU
"Palm Beach Speech Therapy | Nina Minervini, M.S., CCC-SLP","301 Croton Ave, Lantana, FL 33462",(561) 797-2343,https://www.speechpalmbeach.com/,5,9,26.5878031,-80.0494361,ChIJ12XjMzgyLKoRe2zoC-FlpMQ
Project Speech,"8198 Jog Rd #201, Boynton Beach, FL 33472",(561) 631-7723,https://www.projectspeechtherapy.com/,4.7,38,26.5540867,-80.1473443,ChIJO13idWTf2IgR_ro89dEA--s
Play Pals,"4806 S Dixie Hwy, West Palm Beach, FL 33405",(561) 803-0083,https://www.playpalslearning.com/,5,11,26.669518,-80.0549748,ChIJUUrzFuzX2IgRwBb2-zcMhBQ
"Special Kids Speech, LLC","9123 N Military Trl #212, Palm Beach Gardens, FL 33410",(561) 320-6442,http://www.specialkidsspeech.com/,5,23,26.812248999999998,-80.1068658,ChIJ5zwiRby0WWERP_u7HMznK_U
Telefun Speech Therapy Services,"2300 Palm Beach Lakes Blvd, West Palm Beach, FL 33409",(561) 800-5058,http://www.telefunspeech.com/,5,1,26.709166699999997,-80.09753239999999,ChIJFy6QrmxZ1IcR6Osnyu7QtxY
Palm Beach Speech Teach,"6565 Hypoluxo road, Greenacres, FL 33467",(561) 806-0799,http://www.palmbeachspeechteach.com/,5,30,26.552607,-80.15072459999999,ChIJ-fM58cEm2YgRP64h7YwFbiQ
Communication Corner Therapy LLC,"9123 N Military Trl #212, Palm Beach Gardens, FL 33410",(561) 320-3230,https://www.commcornertherapy.com/,5,20,26.812248999999998,-80.1068658,ChIJEeOalXfV2IgRSa_BTtrIIKQ
Florida Movement Therapy Centers,"12040 S Jog Rd SUITE 8, Boynton Beach, FL 33437",(561) 733-5083,https://flmtc.com/boynton-beach-therapy/,4.9,151,26.4981901,-80.1464221,ChIJAx3kmwMh2YgRg9IDGK9AeJs
Speech Language & More,"9819 S Military Trl Suite D, Boynton Beach, FL 33436",(561) 200-4343,http://www.slmspeech.com/,5,11,26.531439199999998,-80.12421169999999,ChIJy0oTyXoh2YgRINtTd-d6Rv4
"B's SPEECH THERAPY SERVICES, LLC",,(954) 408-3949,http://bspeech.co/,5,13,26.1561484,-80.4482804,ChIJNYnWhd7bDgYRGAnV1SZxaTE
"Robin Best, CCC PA Speech Language Pathologist","11099 Lynwood Palm Way, Palm Beach Gardens, FL 33412",(954) 629-1521,http://www.rbestspeechtherapy.com/,5,5,26.792317699999998,-80.2157048,ChIJu8Cwm8Ea2YgRGIHr77-vlhc
Bridging the Pieces Therapy LLC,"300 Prosperity Farms Rd STE D, North Palm Beach, FL 33408",(561) 247-0289,http://www.bridgingthepieces.com/,5,12,26.8088421,-80.0733164,ChIJW2NXTzPV2IgRNBq8UKsiPY4
CAP Speech Therapy,"2805 E Oakland Park Blvd Suite #108, Fort Lauderdale, FL 33306",(786) 571-5322,https://www.capspeech.com/,5,13,26.1677781,-80.1083317,ChIJKeTF-lIB2YgRxKMB2w5TVWc
The Therapy Hive,"1700 NW 64th St suite 700, Fort Lauderdale, FL 33309",(954) 588-6096,http://speak2metherapy.com/,5,1,26.205070199999998,-80.1663992,ChIJBV4aTu4a6a0RXRMuWqasW9Q
Innovative Therapy Services,"100 SE 3rd Ave f10, Fort Lauderdale, FL 33394",(954) 417-3792,http://www.innovativetherapysvcs.com/,5,2,26.1218436,-80.1397161,ChIJdwbGDqEB2YgRJw8-lG3zaIY
Happy Play Therapy,"6191 Orange Dr 6167 (1st Floor, Davie, FL 33314",(954) 800-4078,https://www.happyplaytherapy.com/,5,34,26.066341599999998,-80.2299094,ChIJn1yQDByp2YgRCEdItONmfPo
Darlene Gray MS CCC/SLP,"20 SE 20th St, Fort Lauderdale, FL 33316",(917) 400-7586,https://www.darlenegrayslp.com/,5,4,26.0962812,-80.1403078,ChIJOXVda3sB2YgR_7ggH35jnCQ
Breakthrough Pediatric Speech-Language & Occupational Therapy Services - ASD Clinic Davie,"12545 Orange Dr #502, 503, Davie, FL 33330",(954) 474-8048,https://www.breakthroughtherapyservices.com/,4.6,44,26.0664393,-80.3172001,ChIJo9BbDKGn2YgRs1tQNNV7ntQ
First Kid's PPEC,"5547 W Oakland Park Blvd, Lauderhill, FL 33319",(866) 635-7732,http://fkppec.com/,4.9,52,26.1658583,-80.2246052,ChIJkx4TnKwH2YgRMMWovpTzZHQ
"Glory to God Care, PPEC Fort Lauderdale","3625 W Broward Blvd, Fort Lauderdale, FL 33312",(305) 200-5073,https://glorytogodppec.com/,5,29,26.1216525,-80.19694129999999,ChIJ3fYUvrMH2YgRCmoOBSyZwqw
"Play and Learn Therapy, Inc.","840 E Oakland Park Blvd Suite 112, Oakland Park, FL 33334",(954) 766-4621,http://www.playandlearntherapy.com/,5,9,26.1659902,-80.1352209,ChIJZ-4xFIUB2YgRRJ2rWImPu8U
speechpathconnections,"4300 N University Dr SUITE F101, Lauderhill, FL 33351",(754) 755-7220,https://speechpathconnections.com/,5,45,26.178323199999998,-80.2505584,ChIJ-wEfRZAH2YgRhDlJt3tOu6U
Adults to Pediatrics Therapy,"14201 W Sunrise Blvd STE 107, Sunrise, FL 33323",(954) 756-2818,http://www.adultstopediatrics.com/,4.6,25,26.1464581,-80.3345648,ChIJC7biTwUJ2YgR0HB32x8wPzc
Walkie Talkie Therapy Group,,(954) 408-8281,http://www.walkietalkiegroup.com/,5,26,26.0561786,-80.2687279,ChIJGyoZ4Uqp2YgRurJDiy1BSa8
"Hearing, Speech & Language Therapy LLC","2699 Stirling Rd, Hollywood, FL 33312",(954) 338-5944,https://hearingrehab.clientsecure.me/,5,2,26.048656599999997,-80.1756055,ChIJTWg1Zcir2YgRYZeDYmNHXss
Dedicated Pediatric Therapy,"261 N University Dr Suite 500-26, Plantation, FL 33324",(207) 592-6617,http://dedicatedpediatrictherapy.com/,4.6,20,26.123461,-80.257328,ChIJtepTdlEB2YgR2HLpZTum6os
Habla Conmigo Speech Therapy Services,"4300 N University Dr B102 Suite B102, Lauderhill, FL 33351",(954) 533-2226,,4,12,26.178323199999998,-80.2505584,ChIJvUN9FRIF2YgRtE1NUUKYUi0
BI-COUNTY SPEECH LANGUAGE PATHOLOGY INC,"4301 S Flamingo Rd # 101, Davie, FL 33330",(954) 312-3449 ext. 200,http://bicountyslp.com/,4.2,107,26.066358899999997,-80.3147109,ChIJ-zpx4qyn2YgRaCUl3oIhFXc
Dr. Physio Therapy & Wellness,"4324 N Federal Hwy, Fort Lauderdale, FL 33308",(954) 369-5787,https://doctorphysiotw.com/,5,107,26.1811385,-80.11916579999999,ChIJy8LPgHcD2YgRpKUrM1sePqk
Speech Therapy FL,,(954) 649-4111,http://www.speechtherapyfl.com/,5,1,26.224044499999998,-80.2463156,ChIJw8iq2zgD2YgRRegqHSWnGzo
"Lower Keys Medical Center Physical, Occupational, Speech Therapy","Depoo Campus, 1200 Kennedy Dr, Key West, FL 33040",(305) 292-5872,https://www.lkmc.com/rehab-services?utm_source=gmb&utm_medium=homepage&utm_campaign=biz-listings,5,2,24.564228,-81.7675509,ChIJqxov2SSx0YgREKv0yuCPRoQ
Speech is Key LLC,,(305) 912-5868,http://speechiskeyllc.com/,5,3,24.631511,-82.1015575,ChIJgTsWutjoVA8RQKEYDX9mfJ0
Baskett Andrea,"3718F N Roosevelt Blvd, Key West, FL 33040",(305) 294-1089,,,,24.5718292,-81.75628139999999,ChIJ0cPz_Gex0YgRGVJ7F8WiTjE
Bilingual Key Therapy,"1631 St Lucie W Blvd STE 208, Port St. Lucie, FL 34986",(772) 672-0897,http://www.bilingualkeytherapy.com/,4.9,32,27.3134105,-80.39863,ChIJyQJzWFLq3ogRcWSCc4ce-Dc
Select Physical Therapy - Key West,"3156 Northside Dr, Key West, FL 33040",(305) 292-1805,https://www.selectphysicaltherapy.com/contact/find-a-location/fl/key-west/key-west/?ty=xt,4.9,184,24.567142999999998,-81.7670002,ChIJtztE5kWx0YgRJt0q5GwL9o0
"Roseanne M. Finigan, CLT","3156 Northside Dr, Key West, FL 33040",(305) 292-1805,,,,24.567011299999997,-81.7666024,ChIJtztE5kWx0YgRrvq3ltsKKWA
Clever Kids Therapy Center,"1 Bowen Dr Ste. 1, Key Largo, FL 33037",(305) 704-0313,https://www.cleverkidstherapy.com/,5,18,25.1529825,-80.3901771,ChIJjz6nRRNp14gRmqfmldOYILA
My Voice Speech Therapy Inc.,,(813) 642-6828,https://myvoicemylife.org/,5,29,25.1674127,-80.40078299999999,ChIJ9zkptJVJf2cRrD979b0nZXw
Island Voice Therapy,,(305) 942-1762,https://islandvoicetherapy.com/,,,24.569193499999997,-81.77363179999999,ChIJZylIwnZuhgMRr6jjtwUhrdY
Island Voice Therapy,,(305) 942-1762,https://www.islandvoicetherapy.com/,,,24.6171315,-81.66166539999999,ChIJORjRrPAJAmERLbLsoeQ8rrQ
